[
    {
        "id": 1,
        "productName": "Курячий бульйон",
        "productDescription": "",
        "productWeiht": "365 г",
        "ingredients": "Курячий бульйон, куряче філе, яйце, локшина і духмяні трави",
        "price": 56,
        "productImageUrl": "https://mafia.ua/storage/editor/fotos/450x450/brodo-di-galina.jpeg",
        "keywords": ["гарячі страви", "супи"],
        "Weiht" : 365,
        "stopList" : false,
        "ageRestrictions" : false,
        "like" : "0"

    },
    {
        "id": 2,
        "productName": "Сирний суп",
        "productWeiht": "300/60 г",
        "ingredients": "Cирний крем-суп з дор блю, чеддером, вершковим сиром, беконом. Брускета з сирним кремом",
        "price": 120,
        "productImageUrl": "https://mafia.ua/storage/editor/fotos/450x450/syrnyj-sup.jpeg",
        "keywords": ["гарячі страви", "супи"],
        "Weiht" : 360,
        "stopList" : false,
        "ageRestrictions" : false,
        "like" : 0 ,
        "ageRestrictions" : false
    },
    {
        "id": 3,
        "productName": "Цезар",
        "productWeiht": "275 г",
        "ingredients": "Куряче філе на грилі, бекон, яйце, томати, салат ромен, пармезан, часникові крутони, соус Caesar",
        "price": 130,
        "productImageUrl": "https://mafia.ua/storage/editor/fotos/450x450/cezar_1562848584478.jpeg",
        "keywords": ["салати"],
        "Weiht": 275,
        "stopList" : false,
        "ageRestrictions" : false,
        "like" : 0 ,
        "ageRestrictions" : false
    },
    {

        "id": 4,
        "productName": "Цитрусовий з креветками",
        "productWeiht": "220 г",
        "ingredients": "Креветки, апельсин, грейпфрут, мiкс салатiв з цитрусовим соусом та мигдалем, помідори черрі",
        "price": 160,
        "productImageUrl": "https://mafia.ua/storage/editor/fotos/450x450/citrusovyj-s-krevetkami_1562848610626.jpeg",
        "keywords": ["салати"],
        "datarestoratoratin": "this",
        "Weiht" : 220,
        "stopList" : false,
        "ageRestrictions" : false,
        "like" : 0 ,
        "ageRestrictions" : false
    },
    {
        "id": 5,
        "productName": "Картопля фрi",
        "productWeiht": "140 г",
        "ingredients": "Картопля фрi",
        "productDescription": "кусочки картофеля, обжаренные в большом количестве сильно нагретого растительного масла",
        "price": 30,
        "productImageUrl": "https://mafia.ua/storage/editor/fotos/450x450/kartofel-fri_1550770471902.jpeg",
        "keywords": ["гарячі страви", "гарніри"],
        "Weiht" : 140,
        "stopList" : false,
        "ageRestrictions" : false,
        "like" : 0 ,
        "ageRestrictions" : false
    },
    {
        "id": 6,
        "productName": "Стейк зі свинини гриль",
        "productWeiht": "180/150/30 г",
        "ingredients": "Стейк зі свинини на грилі зі смаженою картоплею та грибами з соусом BBQ",
        "price": 150,
        "productImageUrl": "https://mafia.ua/storage/editor/fotos/450x450/stejk-so-cvininy-gril.jpeg",
        "keywords": ["гарячі страви", "стейки"],
        "Weiht" : 350,
        "stopList" : false,
        "ageRestrictions" : false,
        "like" : 0 ,
        "ageRestrictions" : false
    },
    {
        "id": 7,
        "productName": "Курячі крильця в соусі",
        "productWeiht": "250/100 г",
        "ingredients": "Курячі крильця в пряному соусі Приван, карпопляні діпи",
        "price": 100,
        "productImageUrl": "https://mafia.ua/storage/editor/fotos/450x450/kurinye-krylyshki-v-souse_156284838828.jpeg",
        "keywords": ["гарячі страви", "мясо"],
        "Weiht" : 350,
        "stopList" : false,
        "ageRestrictions" : false,
        "like" : 0 ,
        "ageRestrictions" : false
    },
    {
        "id": 8,
        "productName": "Наполеон із солоною карамеллю",
        "productWeiht": "120 г",
        "ingredients": "Ніжні листкові коржі з карамельним соусом",
        "price": 70,
        "productImageUrl": "https://mafia.ua/storage/editor/fotos/450x450/napoleon-s-solenoj-karamelyu.jpeg",
        "keywords": ["десерти"],
        "Weiht" : 120,
        "stopList" : false,
        "ageRestrictions" : false,
        "like" : 0 ,
        "ageRestrictions" : false
    },
    {
        "id": 9,
        "productName": "Карбонара",
        "productWeiht": "500 г ",
        "ingredients": "Сир моцарела, шинка, грудинка, печериці, пармезан, помідори черрі",
        "price": 175,
        "productImageUrl": "https://mafia.ua/storage/editor/fotos/450x450/karbonara_1567060586370.jpeg",
        "keywords": ["піца"],
        "Weiht" : 175,
        "stopList" : false,
        "ageRestrictions" : false,
        "like" : 0 ,
        "ageRestrictions" : false
    },
    {
        "id": 10,
        "productName": "Піца Мисливська",
        "productWeiht": "500 г",
        "ingredients": "Мисливські ковбаски, молочні ковбаски, сир моцарелла, гливи, печериці, солодка цибуля, перець болгарський, соус BBQ, соус марінара, петрушка",
        "price": 129,
        "productImageUrl": "https://mafia.ua/storage/editor/fotos/450x450/picca-ohotnichya.jpeg",
        "keywords": ["піца"],
        "Weiht" : 500,
        "stopList" : false,
        "ageRestrictions" : false,
        "like" : 0 ,
        "ageRestrictions" : false
    },
    {
        "id": 11,
        "productName": "Кохання - це XXL",
        "productWeiht": "78 шт., 1980 г",
        "ingredients": "Рол №1,  Рол №2, Рол №3, Рол №4, Рол №5, Рол №6, Рол №7, Рол №8, Ролл №9",
        "price": 900,
        "productImageUrl": "https://mafia.ua/storage/editor/fotos/450x450/lyubov-eto-xxl.jpeg",
        "keywords": ["суші"],
        "Weiht" : 1980,
        "stopList" : false,
        "ageRestrictions" : false,
        "like" : 0 ,
        "ageRestrictions" : false
    }
]





